ts,sym,dir,grade,score,entry,rr,oiz,touch,ret1h,ret4h,ret24h
1791105790573,ETH,1,B+,69,2699.32,,,,0.001164,,
1791105790573,BNB,1,B+,65,794.4,,,,-0.006665,,
1791105790573,BTC,1,B+,65,85134.9,,,,0.001342,,
1791108990049,SOL,1,B+,70,121.44,1.66,-0.9,7,-0.002729,,
1791108990049,HYPE,1,B,60,90.724,0.15,-0.2,9,-0.003138,,
1791108990049,PUMP,1,B,53,0.006356,0.28,-0.6,3,-0.012957,,
1791115255256,LTC,1,B+,64,71.15,0.14,0.9,7,,,
1791115255256,SUI,1,B,52,1.1798,0.10,1.1,19,,,
1791115255256,SPCX,1,B,46,159.3,2.12,-0.1,10,,,
1791116246726,NEAR,1,B,49,4.856,0.22,0.0,13,,,
1791116246726,SNDK,-1,B,45,1718.9,0.32,0.0,10,,,
1791116246726,SKHYNIX,1,B,44,1373.0,0.45,-0.0,6,,,
